{
    "loss": 0.17897991836071014,
    "accuracy": 0.9625668525695801,
    "precision": 0.9625668525695801,
    "recall": 0.9625668525695801
}