{
    "loss": 0.2643255293369293,
    "accuracy": 0.9090909361839294,
    "precision": 0.9090909361839294,
    "recall": 0.9090909361839294
}